Workbook

Sheet Input_Form
A1: IT Governance Quick Assessment Tool
A2: 本アセスメントは、貴社のITガバナンス成熟度を簡易的に診断するツールです
A4: 会社名:
A5: 担当者名:
A6: 実施日: | B6: =TODAY()
A8: アセスメント質問
A9: No | B9: 質問内容 | C9: 回答
A10: 1 | B10: ITガバナンスの方針や戦略が明文化され、経営層に承認されている
A11: 2 | B11: IT投資の優先順位付けプロセスが確立され、事業目標と連携している
A12: 3 | B12: ITロードマップが定期的に見直され、最新の事業ニーズを反映している
A13: 4 | B13: IT部門のKPI/目標が事業目標と整合している
A14: 5 | B14: デジタル変革(DX)の戦略と実行計画が策定されている
A15: 6 | B15: IT部門の役割・責任が明確に定義されている
A16: 7 | B16: IT部門とビジネス部門の協働体制が構築されている
A17: 8 | B17: ITガバナンス委員会などの意思決定機関が機能している
A18: 9 | B18: IT人材の育成・評価制度が整備されている
A19: 10 | B19: 重要なIT人材の後継者計画が策定されている
A20: 11 | B20: プロジェクト管理プロセス(PMO機能)が確立している
A21: 12 | B21: IT予算管理プロセスが適切に運用されている
... A34: 25 | B34: ITサービス改善の取り組みが継続的に行われている
A36: ※ 全ての質問に回答後、VBAマクロの「集計ボタン」を実行してください
D38: 【 簡易診断結果 】
D39: 総合スコア: | E39: =Analysis_Internal!B2
D40: 戦略: | E40: =Analysis_Internal!B3
D41: 組織: | E41: =Analysis_Internal!B4
D42: プロセス: | E42: =Analysis_Internal!B5
D43: リスク: | E43: =Analysis_Internal!B6
D44: パフォーマンス: | E44: =Analysis_Internal!B7
D46: 【 総合評価 】
D47: =Analysis_Internal!B10

Sheet Analysis_Internal
A1: 内部分析シート（コンサル専用）
A2: 総合スコア | B2: =AVERAGE(B3:B7) | C2: 全カテゴリの平均値
A3: 戦略スコア | B3: =AVERAGE(IF(Input_Form!C10="Level 1",1,IF(Input_Form!C10="Level 2",2,IF(Input_Form!C10="Level 3",3,IF(Input_Form!C10="Level 4",4,0)))),IF(Input_Form!C11="Level 1",1,IF(Input_Form!C11="Level 2",2,IF(Input_Form!C11="Level 3",3,IF(Input_Form!C11="Level 4",4,0)))),IF(Input_Form!C12="Level 1",1,IF(Input_Form!C12="Level 2",2,IF(Input_Form!C12="Level 3",3,IF(Input_Form!C12="Level 4",4,0)))),IF(Input_Form!C13="Level 1",1,IF(Input_Form!C13="Level 2",2,IF(Input_Form!C13="Level 3",3,IF(Input_Form!C13="Level 4",4,0)))),IF(Input_Form!C14="Level 1",1,IF(Input_Form!C14="Level 2",2,IF(Input_Form!C14="Level 3",3,IF(Input_Form!C14="Level 4",4,0))))) | C3: 戦略領域の質問（Q1-Q5）の平均
A4: 組織スコア | B4: =AVERAGE(IF(Input_Form!C15="Level 1",1,IF(Input_Form!C15="Level 2",2,IF(Input_Form!C15="Level 3",3,IF(Input_Form!C15="Level 4",4,0)))),IF(Input_Form!C16="Level 1",1,IF(Input_Form!C16="Level 2",2,IF(Input_Form!C16="Level 3",3,IF(Input_Form!C16="Level 4",4,0)))),IF(Input_Form!C17="Level 1",1,IF(Input_Form!C17="Level 2",2,IF(Input_Form!C17="Level 3",3,IF(Input_Form!C17="Level 4",4,0)))),IF(Input_Form!C18="Level 1",1,IF(Input_Form!C18="Level 2",2,IF(Input_Form!C18="Level 3",3,IF(Input_Form!C18="Level 4",4,0)))),IF(Input_Form!C19="Level 1",1,IF(Input_Form!C19="Level 2",2,IF(Input_Form!C19="Level 3",3,IF(Input_Form!C19="Level 4",4,0))))) | C4: 組織領域の質問（Q6-Q10）の平均
A5: プロセススコア | B5: =AVERAGE(IF(Input_Form!C20="Level 1",1,IF(Input_Form!C20="Level 2",2,IF(Input_Form!C20="Level 3",3,IF(Input_Form!C20="Level 4",4,0)))),IF(Input_Form!C21="Level 1",1,IF(Input_Form!C21="Level 2",2,IF(Input_Form!C21="Level 3",3,IF(Input_Form!C21="Level 4",4,0)))),IF(Input_Form!C22="Level 1",1,IF(Input_Form!C22="Level 2",2,IF(Input_Form!C22="Level 3",3,IF(Input_Form!C22="Level 4",4,0)))),IF(Input_Form!C23="Level 1",1,IF(Input_Form!C23="Level 2",2,IF(Input_Form!C23="Level 3",3,IF(Input_Form!C23="Level 4",4,0)))),IF(Input_Form!C24="Level 1",1,IF(Input_Form!C24="Level 2",2,IF(Input_Form!C24="Level 3",3,IF(Input_Form!C24="Level 4",4,0))))) | C5: プロセス領域の質問（Q11-Q15）の平均
A6: リスクスコア | B6: =AVERAGE(IF(Input_Form!C25="Level 1",1,IF(Input_Form!C25="Level 2",2,IF(Input_Form!C25="Level 3",3,IF(Input_Form!C25="Level 4",4,0)))),IF(Input_Form!C26="Level 1",1,IF(Input_Form!C26="Level 2",2,IF(Input_Form!C26="Level 3",3,IF(Input_Form!C26="Level 4",4,0)))),IF(Input_Form!C27="Level 1",1,IF(Input_Form!C27="Level 2",2,IF(Input_Form!C27="Level 3",3,IF(Input_Form!C27="Level 4",4,0)))),IF(Input_Form!C28="Level 1",1,IF(Input_Form!C28="Level 2",2,IF(Input_Form!C28="Level 3",3,IF(Input_Form!C28="Level 4",4,0)))),IF(Input_Form!C29="Level 1",1,IF(Input_Form!C29="Level 2",2,IF(Input_Form!C29="Level 3",3,IF(Input_Form!C29="Level 4",4,0))))) | C6: リスク領域の質問（Q16-Q20）の平均
A7: パフォーマンススコア | B7: =AVERAGE(IF(Input_Form!C30="Level 1",1,IF(Input_Form!C30="Level 2",2,IF(Input_Form!C30="Level 3",3,IF(Input_Form!C30="Level 4",4,0)))),IF(Input_Form!C31="Level 1",1,IF(Input_Form!C31="Level 2",2,IF(Input_Form!C31="Level 3",3,IF(Input_Form!C31="Level 4",4,0)))),IF(Input_Form!C32="Level 1",1,IF(Input_Form!C32="Level 2",2,IF(Input_Form!C32="Level 3",3,IF(Input_Form!C32="Level 4",4,0)))),IF(Input_Form!C33="Level 1",1,IF(Input_Form!C33="Level 2",2,IF(Input_Form!C33="Level 3",3,IF(Input_Form!C33="Level 4",4,0)))),IF(Input_Form!C34="Level 1",1,IF(Input_Form!C34="Level 2",2,IF(Input_Form!C34="Level 3",3,IF(Input_Form!C34="Level 4",4,0))))) | C7: パフォーマンス領域の質問（Q21-Q25）の平均
A9: 評価コメント
B10: =IF(B2>=3.5,"【優良レベル】ITガバナンス体制は十分に整備されています。継続的な改善を推奨します。",IF(B2>=2.5,"【標準レベル】ITガバナンスの基本は整っていますが、一部改善の余地があります。特に低スコアの領域に注目してください。",IF(B2>=1.5,"【改善必要】ITガバナンス体制に大きな改善が必要です。戦略的な取り組みをお勧めします。","【早急対応】ITガバナンスが未整備の状態です。早急な体制構築が必要です。")))
A14: 詳細分析データ
A15: 質問No | B15: 回答値 | C15: 回答テキスト
A16: Q1 | B16: =IF(Input_Form!C10="Level 1",1,IF(Input_Form!C10="Level 2",2,IF(Input_Form!C10="Level 3",3,IF(Input_Form!C10="Level 4",4,0)))) | C16: =Input_Form!C10
A17: Q2 | B17: =IF(Input_Form!C11="Level 1",1,IF(Input_Form!C11="Level 2",2,IF(Input_Form!C11="Level 3",3,IF(Input_Form!C11="Level 4",4,0)))) | C17: =Input_Form!C11
A18: Q3 | B18: =IF(Input_Form!C12="Level 1",1,IF(Input_Form!C12="Level 2",2,IF(Input_Form!C12="Level 3",3,IF(Input_Form!C12="Level 4",4,0)))) | C18: =Input_Form!C12
A19: Q4 | B19: =IF(Input_Form!C13="Level 1",1,IF(Input_Form!C13="Level 2",2,IF(Input_Form!C13="Level 3",3,IF(Input_Form!C13="Level 4",4,0)))) | C19: =Input_Form!C13
A20: Q5 | B20: =IF(Input_Form!C14="Level 1",1,IF(Input_Form!C14="Level 2",2,IF(Input_Form!C14="Level 3",3,IF(Input_Form!C14="Level 4",4,0)))) | C20: =Input_Form!C14
A21: Q6 | B21: =IF(Input_Form!C15="Level 1",1,IF(Input_Form!C15="Level 2",2,IF(Input_Form!C15="Level 3",3,IF(Input_Form!C15="Level 4",4,0)))) | C21: =Input_Form!C15
A22: Q7 | B22: =IF(Input_Form!C16="Level 1",1,IF(Input_Form!C16="Level 2",2,IF(Input_Form!C16="Level 3",3,IF(Input_Form!C16="Level 4",4,0)))) | C22: =Input_Form!C16
A23: Q8 | B23: =IF(Input_Form!C17="Level 1",1,IF(Input_Form!C17="Level 2",2,IF(Input_Form!C17="Level 3",3,IF(Input_Form!C17="Level 4",4,0)))) | C23: =Input_Form!C17
A24: Q9 | B24: =IF(Input_Form!C18="Level 1",1,IF(Input_Form!C18="Level 2",2,IF(Input_Form!C18="Level 3",3,IF(Input_Form!C18="Level 4",4,0)))) | C24: =Input_Form!C18
A25: Q10 | B25: =IF(Input_Form!C19="Level 1",1,IF(Input_Form!C19="Level 2",2,IF(Input_Form!C19="Level 3",3,IF(Input_Form!C19="Level 4",4,0)))) | C25: =Input_Form!C19
A26: Q11 | B26: =IF(Input_Form!C20="Level 1",1,IF(Input_Form!C20="Level 2",2,IF(Input_Form!C20="Level 3",3,IF(Input_Form!C20="Level 4",4,0)))) | C26: =Input_Form!C20
A27: Q12 | B27: =IF(Input_Form!C21="Level 1",1,IF(Input_Form!C21="Level 2",2,IF(Input_Form!C21="Level 3",3,IF(Input_Form!C21="Level 4",4,0)))) | C27: =Input_Form!C21
... A40: Q25 | B40: =IF(Input_Form!C34="Level 1",1,IF(Input_Form!C34="Level 2",2,IF(Input_Form!C34="Level 3",3,IF(Input_Form!C34="Level 4",4,0)))) | C40: =Input_Form!C34

Sheet DB_AllResponses
A1: 日付 | B1: 会社名 | C1: 担当者 | D1: 総合スコア | E1: 戦略 | F1: 組織 | G1: プロセス | H1: リスク | I1: パフォーマンス
A2: ※ VBAマクロで自動追記されます
